Date,Beverage and Food - Number of Transactions,Beverage and Food - Sales,Clothing and Footwear - Number of Transactions,Clothing and Footwear - Sales,Construction & Building Materials - Number of Transactions,Construction & Building Materials - Sales,E-Commerce (Mada) - Number of Transactions,E-Commerce (Mada) - Sales,Education - Number of Transactions,Education - Sales,Electronic & Electric Devices - Number of Transactions,Electronic & Electric Devices - Sales,Furniture - Number of Transactions,Furniture - Sales,Health - Number of Transactions,Health - Sales,Hotels - Number of Transactions,Hotels - Sales,Jewelry - Number of Transactions,Jewelry - Sales,Miscellaneous Goods and Services - Number of Transactions,Miscellaneous Goods and Services - Sales,Others - Number of Transactions,Others - Sales,Public Utilities - Number of Transactions,Public Utilities - Sales,Recreation and Culture - Number of Transactions,Recreation and Culture - Sales,Restaurants & Café - Number of Transactions,Restaurants & Café - Sales,Telecommunication - Number of Transactions,Telecommunication - Sales,Transportation - Number of Transactions,Transportation - Sales,covid_period,ramadan_month,post_epayments_law
2019-01,24908.664,2802871.73020001,9773.773,2075254.3328199,1023.415,1016552.24944999,1036951.0,282076.265,260.883,1040591.10809,1241.911,676315.320779993,1235.206,802069.936089992,12614.094,1973117.29363999,1045.32,685241.502309993,624.753,885794.064259982,4227.172,2290039.32895997,13033.703,2168834.14460027,846.109,247940.16429,3478.476,927160.44332,29663.872,2081076.92133992,480.769,157581.52719,1899.077,1550703.80265999,False,False,False
2019-02,23803.836,2530199.89780999,7588.253,1669056.65481991,964.714,971787.719509986,1229939.0,295138.635,170.575,486098.323939998,1117.084,631281.895839994,1116.431,736377.748429992,11939.223,1813683.20407999,918.023,1144949.11937999,574.471,853893.244159985,3894.387,2077502.28805997,11904.869,1913528.23765,861.438,217098.33177,2859.138,722548.515519999,29106.222,1948217.15045992,429.429,129559.50422,1746.701,1389410.25634999,False,False,False
2019-03,28081.002,3052079.62766003,10263.027,2381957.15942998,1180.556,1166672.00337999,1844709.0,440011.364,208.404,593100.085009998,1357.754,786550.177749992,1415.216,967104.968079988,14027.252,2163346.79443999,1064.079,586378.986899996,798.28,1189577.64257998,4731.979,2515978.49844997,15082.267,2679986.4990502,1071.022,254102.07516,3500.514,894417.781889995,35390.892,2385470.64784991,516.013,159813.41383,2086.371,1655389.90953999,False,False,False
2019-04,28642.083,3232267.7979601,11237.533,2746846.08937012,1235.156,1202743.62949999,2072183.0,495493.63598,210.882,693245.273059997,1388.068,865057.67151999,1549.739,1061816.08602998,12804.398,2009108.47987999,1025.882,534941.818919995,800.835,1130409.95388998,4584.009,2404890.99344997,15835.048,2931348.57069,1139.29,276485.29378,3361.925,912410.847849994,35198.134,2300698.58243993,464.39,154405.30497,2048.745,1672051.67368999,False,False,False
2019-05,30376.712,3495170.839,18462.463,4799802.9628707,1194.623,914062.8424,2259611.0,624179.5831,126.153,338580.8786,1638.598,992138.354,1671.032,1080166.321,13299.023,2206494.2895,1105.78,787580.281749993,1236.534,1733235.107,4799.748,2576911.213,17886.564,3420845.37787,1219.179,281471.5487,3662.062,1073186.083,27549.407,2011839.923,556.651,192872.9794,2165.553,1915379.4871,False,True,False
2019-06,27813.987,2656291.73597,10604.072,2338217.16684996,1021.584,872064.183999988,2468661.0,610615.25135,110.241,158873.2729,1424.409,832193.855949992,1220.943,720435.188919995,12624.781,1795911.03987,1333.953,774073.541549995,910.031,1181050.49189998,4383.269,1916124.80496998,10830.075,2287362.95188809,1130.382,223566.038109999,2971.953,752327.896429996,34922.072,2476076.31272996,452.041,139261.66786,2142.243,1636422.86833,False,True,False
2019-07,32701.443,2964746.96640004,10990.043,2301733.81653994,1311.552,1157338.26128998,3192245.0,881494.198,138.335,250216.96181,1703.249,1039371.32824999,1530.457,976377.06140999,13975.094,2189404.32942999,1451.638,733104.809289992,726.464,882539.483809986,4977.98,2384534.35690998,13634.697,2723152.89589071,2071.721,314884.808319997,3147.021,779412.359419995,41034.79,2552515.49402992,551.051,154727.29443,2588.204,2133472.61984999,False,False,False
2019-08,33087.305,3059998.13198006,13244.403,2734288.6278601,1186.247,905328.970419986,3669201.0,997319.18326,291.7,1248276.30606,1633.314,868761.549609993,1527.336,829737.26019999,13589.78,1883641.73920999,1266.849,621123.900789998,767.98,864090.620339986,5050.562,2135942.80347999,17422.591,2951204.29108258,1798.428,266155.97253,3913.466,1055822.48935,40425.012,2560806.74572996,516.372,138939.71853,2303.998,1634392.59443999,False,False,False
2019-09,36527.179,3275251.82032009,9777.283,1894842.45520995,1328.251,1097270.17513998,4113448.0,1169310.50321,402.757,1451716.48190999,1792.463,1032223.74872999,1617.287,996060.915459995,15053.449,2210938.58481999,1301.277,656407.236129992,576.731,716881.025749991,5638.655,2556362.26399998,20107.293,3011663.41221379,2077.06,302783.536769999,5033.126,1100324.86685,44116.194,2513913.61475994,548.31,146983.748690001,2573.871,1879081.61300999,False,False,False
2019-10,40409.243,3455207.39479009,10201.479,2067083.93083993,1535.411,1209676.60039998,4693460.0,1272626.47964,255.97,491252.675739997,1967.232,1133987.44422999,1677.212,948695.163599985,16529.532,2252452.75874,1333.607,689406.686279995,624.591,803757.819539989,5954.014,2626943.11603998,23518.197,3227660.17228261,2261.268,335497.149989999,4565.201,968369.632799994,49960.417,2816242.24069002,624.567,195767.87939,2788.357,1895700.35976999,False,False,False
2019-11,40106.801,3408177.83615005,12564.339,2777696.3323802,1632.749,1224933.21364998,5366943.0,1482921.51619,234.011,418330.476259999,2167.326,1265138.61554999,1808.02,1054961.40603999,16251.415,2148096.3337,1344.622,679593.041679991,647.34,852607.61599999,6258.294,2417280.33770998,26200.192,3539143.92233243,2135.968,309679.510859999,4301.409,965242.531879996,51351.584,2849080.79050005,539.437,155886.829830001,2765.102,1782993.37358999,False,False,False
2019-12,41426.653,3511138.53525008,13139.273,2743524.04536011,1773.197,1410387.21224999,6196785.0,1700783.178,259.84,591583.264609999,1983.232,1068115.20967999,2034.676,1193816.15495998,16979.633,2338051.33789999,1414.873,760970.651659998,774.969,1026820.44441999,6728.647,2756321.65710998,29141.584,3883218.99040105,2137.213,316192.791979999,4552.97,1085701.17393,54985.328,3054016.62572011,589.2,171597.31806,3037.424,2020525.83668999,False,False,False
2020-01,41421.767,3576604.34639007,14094.245,2734812.92892009,1743.096,1330863.53158998,6872865.0,1716816.63529,313.077,1038907.53215,1937.388,1003950.27548999,1970.447,1004331.71167999,16132.182,2205324.07356999,1859.413,1018185.14196999,763.203,961003.676079989,6862.249,2646015.73192999,31601.725,4073723.74632621,2070.889,295711.301669999,5057.029,1213966.44544999,56713.664,3343975.25123018,575.153,159906.67857,3028.642,1924317.88362999,False,False,True
2020-02,43274.112,3563756.56786013,10211.246,2021299.21994992,1731.492,1373983.97129998,6635305.0,1625845.83015,267.613,561335.493189997,1885.458,1049466.94649999,1772.013,948118.331369983,16652.064,2216091.45727999,1445.319,697016.955589994,685.302,900917.972509989,6680.723,2560020.17561999,31681.645,3783850.81180091,2074.106,282305.301609999,4815.384,992972.263779996,56625.944,3028889.34256011,546.038,138739.19018,2985.997,1813561.38462999,False,False,True
2020-03,54010.08,5731836.58652021,6707.423,1314513.89423995,1947.396,1529520.23300999,7287150.0,1794767.88289,142.578,302522.165659999,1963.28,1088074.60499999,1453.336,808251.756119989,18364.531,2195597.30565998,812.121,343584.627929998,423.218,508739.491689998,5734.219,2328772.13100999,31166.914,3740085.91871481,1655.622,248637.89218,3371.338,782657.923219998,43655.244,2270961.19836992,543.372,153644.990660001,2551.894,1445158.25604999,True,False,True
2020-04,54697.148,6436896.72422031,2811.229,476911.645189988,1480.169,739832.263769993,12668434.0,2995378.89586,35.74,71887.94017,1365.367,596740.867139996,784.243,318437.708619999,13987.405,1469474.26742,209.699,89014.1905900003,152.204,100490.23102,3570.769,1324488.09994999,22247.776,2473858.00387346,969.376,153411.73505,1668.189,375196.51905,16298.075,991406.009199969,386.172,127181.60674,1170.697,432091.35142,True,True,True
2020-05,57207.785,5500385.29011046,11247.763,2314524.21370997,1736.309,930209.169589987,18161276.0,3723878.45946,56.665,159295.85043,1987.209,1032395.89231999,1794.772,842235.95958999,17195.378,1953364.15569998,280.884,101120.60221,707.83,965424.509359988,4667.604,1674868.43157999,29344.891,3657739.54518193,1243.356,217155.162459999,3877.991,996929.344759996,25368.119,1733602.12753994,696.724,251311.104639999,1972.944,1121251.32427,True,True,True
2020-06,65536.141,5518250.20851,10853.269,2270785.41726,3097.491,3029934.51038,17239315.0,3733420.31488,126.504,355009.14684,2932.858,2268705.96455,2856.206,2192985.3708,21588.123,2761310.40652,767.805,270843.44778,1051.612,2126401.03951,6634.571,2818807.81642,40954.726,5922368.08914,1924.59,393433.81521,4544.803,1248105.28318,53251.59,2723151.58968,987.408,349905.72794,3692.958,2766397.07186,True,False,True
2020-07,71465.614,5111516.94853032,17633.735,3293332.24253031,2898.067,1304793.25024998,15337361.0,3626355.81734,128.824,217904.98504,2599.502,1059495.09989998,2993.056,1210277.63712998,21296.824,2899403.41520999,1313.054,493570.749779995,852.256,917725.460449984,8480.803,2424150.31545997,53416.968,5456834.51179812,2411.298,293915.746429999,5290.246,1004067.85684,72615.789,3908646.42126048,1011.296,239712.138339998,3912.342,1677233.22476999,False,False,True
2020-08,73639.755,5149132.2485503,11472.548,2094333.80956991,2676.984,1352273.263,14820169.0,3328621.09789,323.794,1312220.485,2591.885,1163198.59449999,2560.68,1115366.42733998,20412.247,2688799.482,1646.242,637058.262109994,614.95,692711.4273,8582.097,2242393.05265998,54801.399,5240957.306,2539.979,296228.5989,5107.123,1184702.95709999,76653.525,4040630.75939057,971.367,236409.2945,3910.619,1700685.323,False,False,True
2020-09,77722.99,5325670.931,13384.828,2361567.029,2895.685,1495657.882,16187429.0,3721733.12712,264.327,697612.46,2937.434,1337175.478,2951.839,1407799.774,20873.084,2958278.76,1512.519,548451.326,711.589,796903.732,10734.497,2664892.632,59796.154,5790765.448,2748.459,336781.514,6565.023,1156573.372,83482.025,4213053.427,1175.774,286317.333,4213.741,1837171.525,False,False,True
2020-10,83402.697,5550539.939,14335.101,2665164.568,3152.096,1571106.116,16963723.0,3848355.34534,190.583,288034.655,2931.431,1288039.381,3080.8,1328186.167,21684.811,2832486.588,1638.144,582439.991,732.776,870998.542,13059.414,2605509.016,64048.709,5997915.983,2543.8,303819.76,6288.552,1098070.045,90968.352,4497378.975,1079.274,259868.073,4416.45,1898348.771,False,False,True
2020-11,83248.377,5375486.33137052,15823.127,3012435.69153028,3265.097,1642005.85541997,17960198.0,4208789.02258,191.754,272593.93115,3113.109,1498924.37527998,3190.595,1488631.18793997,20879.643,2735160.26468999,1663.124,606776.435929991,740.062,915165.044039987,15483.664,2703378.15336991,64287.398,6078247.61989661,2356.332,287684.610409999,5860.828,1046019.17303,92218.063,4434446.30277077,1152.938,303830.441369999,4444.543,1863208.77369998,False,False,True
2020-12,88386.398,5607793.763,18895.14,3496977.57,3542.064,1815442.606,20175762.0,4498231.108,222.382,408173.564,2981.506,1324599.28,3759.554,1694837.779,22009.284,2891886.883,1817.756,677640.586,880.54,1086820.486,19717.412,3179503.322,68056.768,6552125.708,2526.808,301411.973,6576.094,1336485.992,101167.269,4873845.165,1331.267,344736.24,4725.232,2027419.526,False,False,True
2021-01,89737.505,5673979.68695056,16992.672,2910063.36436023,3393.557,1687722.44299997,19909057.0,4378662.31881001,293.559,916459.357419995,2905.623,1246099.79209998,3500.601,1411945.70947997,22945.293,2846468.09995999,2294.087,940229.056749983,842.849,1075270.78513998,22753.028,3077263.85903992,70271.855,6378652.36444071,2675.88,301858.089269999,6855.676,1356784.85222999,104417.517,5180471.62929115,1333.799,328154.75831,4740.931,1942980.72879998,False,False,True
2021-02,85115.006,5188253.55494046,11256.463,1963550.90743988,3138.517,1606927.17412996,20424520.0,4173413.19006993,202.434,417978.472039999,2665.858,1173039.84570999,2897.417,1266835.98686998,19773.227,2552095.99428998,1311.09,468219.337379994,712.407,1007453.60525999,21308.077,2674651.94297992,64394.143,5722222.24320503,2632.933,285368.5222,5601.511,1069786.79946999,87217.751,3642065.65304043,1211.233,281367.96483,4330.586,1731536.43075998,False,False,True
2021-03,102571.561,6517253.76484053,17721.25,3302271.42161038,3953.996,1964356.55818995,25836458.0,5308685.78674001,235.638,410436.461749999,3192.328,1475326.34530998,4203.287,1790787.58504996,23742.499,3086861.43869001,1844.112,585409.053309992,1003.382,1362108.82308998,29063.124,3548684.42698998,80821.779,7764788.71432023,3175.12,367813.158999999,6920.083,1224688.40511999,110498.387,4880313.83033113,1568.491,430542.415930001,5406.659,2127864.42155998,False,False,True
2021-04,99798.57,6646112.474,21986.903,4259559.912,3664.59,1483101.344,25565302.0,5555181.99654998,200.039,381375.086,2973.944,1258895.559,4102.15,1630138.114,22153.539,2736298.394,1509.839,561712.763,995.636,1255788.706,29633.1,3319115.516,79817.065,7677115.081,3188.593,335189.407,6449.845,1122738.952,88280.96,4038278.614,1595.875,479791.347,4992.253,1987775.808,False,True,True
2021-05,101188.559,5859475.37732046,25368.601,4499756.14480069,3396.001,1338381.88612997,27926205.0,5742231.16369001,171.512,272336.05563,2810.706,1114537.61287999,3826.341,1319863.82497997,24128.499,2865575.11555001,2067.072,850724.740569987,1422.425,1649589.18153998,34198.138,3493036.25330995,85530.341,7668476.09215621,3286.966,327435.693309998,7169.523,1277200.08501999,105593.074,5224183.12738095,1588.825,469860.27031999,5429.624,2040482.64735997,False,True,True
2021-06,108717.4,5884296.89465052,15845.937,2721811.61230015,3658.67,1623235.13297997,26401740.0,5887856.87202002,217.334,239725.72136,2885.081,1202314.25803998,3479.252,1360692.21873997,24430.716,3153379.52048998,2407.077,828118.194209991,896.109,1057748.09234999,36744.134,3627186.72189004,87792.976,7501338.03074341,3657.443,364087.478059998,6307.418,1025058.71830999,122824.088,5356889.63488135,1522.689,423334.314809999,5935.958,2335153.81143997,False,False,True
2021-07,112846.597,6020379.49848052,20508.921,3363386.99606043,3572.231,1325546.47601997,29284827.0,6328298.95200999,172.442,174681.09168,2812.544,1091501.44302999,3705.822,1267558.87079998,24567.51,2856659.87037999,2371.082,816091.725199993,964.218,1028379.81356999,40235.459,3632197.81917003,93682.933,7780957.46350715,3766.241,348391.605869999,6588.971,1027051.32499999,125477.909,5623806.0504812,1578.533,422935.63316,5996.572,2073718.31555997,False,False,True
2021-08,117398.406,6199208.38776067,16545.646,2670491.90007014,3825.614,1488725.63720996,29862223.0,6870228.82666978,458.142,1589381.99013999,3161.622,1229508.38119998,3713.241,1263704.76621997,25430.667,3079722.59443998,2466.972,830009.736229984,837.97,896099.531739988,43143.775,3844434.21539014,97831.893,8025347.24427473,4019.038,382328.453029997,7597.594,1209161.44332999,131073.286,5458305.47042155,1815.479,451407.68504,6491.358,2354779.42015997,False,False,True
2021-09,115497.422,6052876.82,16433.155,2596685.341,3864.347,1520935.1,31771943.0,7024161.76418998,500.056,728702.53,3137.688,1220401.381,3811.191,1540192.455,24783.54,3139635.204,2093.915,679159.689,843.891,848013.287,44596.282,3901750.623,99498.06,8132985.641,3982.287,370192.97,8811.244,1206046.991,132812.119,5393029.173,1788.749,418227.517,6447.636,2246921.946,False,False,True
2021-10,120809.458,6300678.67491043,16866.943,2807448.78623012,4300.154,1592062.21332995,33775529.0,7171523.24883978,434.616,341752.253809999,3218.967,1223917.99739999,3804.737,1308427.35218998,26480.098,3021016.33335001,2256.266,781049.681769989,875.519,883137.662179988,49054.761,3912735.50677018,103324.615,8310483.82594562,4126.108,361558.240299997,8195.408,1188736.87269,142763.248,5777558.51141156,1785.239,432364.789899999,6781.508,2224041.45185997,False,False,True
2021-11,116575.67,5964729.27815061,19419.195,3404110.90975043,4427.216,1666791.76858996,37075459.0,7724813.772,426.405,363488.285929998,3261.822,1267264.42359998,4016.142,1469145.44301997,26126.146,2950826.30962,2300.264,896334.604369993,833.494,891005.079839984,50751.213,4044287.14281326,102635.981,8384524.61272701,3624.444,316968.476989999,7781.809,1119196.14154999,144102.78,5810502.18070156,1769.638,424789.945149998,7041.537,2308939.52862997,False,False,True
2021-12,122327.598,6506649.26921859,21248.731,3630494.71971056,4618.609,1722663.50018995,39827417.0,8159868.149,441.775,652083.952869995,3279.61,1197499.89576998,4379.501,1645619.84616997,27649.422,3096197.87051,2320.281,920164.645439989,858.178,964081.547499987,54644.646,4401380.18940034,109866.227,9017874.54840709,3520.354,313213.493969998,8637.131,1287724.38856999,152995.89,6262141.95103195,1924.828,439899.461599995,7224.303,2315447.11447997,False,False,True
2022-01,122745.554,6547484.30006066,21912.542,3359814.47421047,4682.557,1684829.31589996,40858081.0,8228908.19897999,433.25,657248.831659997,3187.755,1103201.37169998,4333.571,1390780.16345996,30689.707,3249792.784874,2249.725,878418.504399986,824.307,895886.302769986,56389.729,4354955.31258037,112124.978,8963586.99486924,3662.717,310766.203099997,8831.775,1303791.24606999,154489.515,6166568.37401209,1872.079,421293.596259996,7246.056,2270512.87456997,False,False,True
2022-02,116527.839,6005408.43199357,15964.22,2508967.70479001,4091.122,1505566.85902995,38858112.0,8020187.26981,431.242,375636.223859998,2840.857,1012951.03703999,3717.019,1306640.32089997,26030.139,2865726.43609999,2081.544,812917.425569987,761.939,825402.905389989,52750.683,3995376.68372024,104348.998,8078356.11387072,3376.338,284212.628249999,8253.869,1106120.26196999,146934.067,5783993.64319167,1628.895,355352.213699998,6524.513,2059582.42307998,False,False,True
2022-03,139325.843,8176885.992,22998.628,4034945.921,5086.948,1924174.237,47628344.0,9984816.0,566.823,688747.2,3488.012,1327068.011,5209.966,1783045.558,29065.127,3308540.161,2688.464,1137415.884,913.006,960807.242,65895.241,5168315.269,127353.478,10769036.773,4025.757,361581.386,10238.935,1393757.722,175337.93,6930176.407,1962.217,457102.428,8086.545,2575464.188,False,False,True
2022-04,128108.614,7143991.49060357,37082.553,6641693.34644147,4397.886,1308761.93922996,51777337.0,10264007.96507,232.179,274274.71952,3173.497,1074110.26767998,5269.124,1608733.93666996,29061.329,3207032.87483,2019.509,1295415.47714998,1523.687,1607308.16537998,62562.851,5150433.05404056,121260.495,10457004.6849885,4029.851,331380.270329997,8679.804,1279712.71514999,114091.074,5013739.72060418,2058.185,500314.505779997,7748.64,2549937.40689997,False,True,True
2022-05,135425.934,6560375.94824854,15951.068,2488810.24465004,4064.833,1398566.37094996,45634404.0,9119466.87663,368.22,463901.905159998,2976.258,1092579.13667998,3517.832,1052305.35305998,30384.174,2987877.56139001,2592.628,993294.501799979,875.358,996019.417319988,65491.819,4456269.8605705,120858.294,9011839.66037304,4326.505,341167.472059996,8547.841,1048379.01728999,168546.859,6783304.87598441,1615.085,350227.541589997,7366.89,2351362.84453997,False,True,True
2022-06,141979.339,6612568.93743059,19325.501,3137363.59126039,4622.794,1661299.44969996,48646236.0,10403572.75914,427.452,724582.551679996,3343.798,1301140.48238998,3927.893,1281056.09375996,31520.624,3342285.12955001,2252.482,762538.556269989,980.463,1033480.89229999,71136.929,5024267.62233067,127532.041,9772542.49014067,4781.675,389848.137869995,9075.489,1186000.60517999,173949.764,6538545.86484258,1889.719,434546.661869995,8272.015,2763592.98911996,False,False,True
2022-07,142588.303,6773734.78264065,23690.688,3610652.71693053,4494.191,1385170.72993997,50124592.0,10227355.6572,253.24,277116.53261,3129.506,1017288.18043999,4256.376,1237341.69743997,28655.489,2933433.81714998,2664.833,930640.128489979,1160.726,1289310.66835998,75167.141,5069774.68906061,129809.054,9851966.32323245,4870.775,384690.657779995,8244.199,1209437.99976999,172604.639,6978732.27365233,1850.526,390239.531359997,8058.74,2409803.89000997,False,False,True
2022-08,150658.029,7148149.82975063,22322.954,3393752.26906052,4908.51,1604048.93117995,51775436.0,11282520.438,659.368,2150147.81032999,3423.603,1125608.78591999,4456.118,1311476.79794997,29144.823,3166487.37155001,3316.536,1217892.60364998,894.153,827608.19430999,80371.558,5395001.59122093,136876.767,10409298.3201927,5446.575,428568.619729993,9608.566,1311247.66869998,181750.555,6854678.0290027,1978.527,410617.297389997,9086.947,2917468.02992996,False,False,True
2022-09,150817.892,7180464.17556058,19764.455,2841989.62943024,4607.281,1575123.63019996,54035289.0,11163552.93567,723.408,1004555.91184,3451.877,1191566.58602999,4320.341,1513597.45886997,31262.954,3317035.33392,2424.416,907504.904979986,979.158,1044564.40304999,79601.629,5234633.05584091,137561.816,10258976.6525127,5459.238,416978.673769996,11820.761,1315869.60921999,181102.396,6600527.46150219,1943.119,408994.272469997,8573.52,2637013.21884996,False,False,True
2022-10,156366.486,7475576.77590073,18781.012,2889010.83493031,5026.083,1648244.77020995,56126081.0,10897258.9874799,605.911,483821.668189998,3440.942,1081225.59071999,4175.317,1286403.74181997,35449.514,3432822.82621999,2506.431,1025709.01046998,960.512,1014819.09626999,84550.587,5323799.0919211,140952.521,10353367.0868532,5011.426,389416.333809997,10667.661,1203441.13030998,189664.917,6761498.62856275,1963.959,461039.593009996,8985.56,2824971.30977995,False,False,True
2022-11,149958.128,6995299.22010064,21471.78,3428137.58182064,5076.868,1559717.06555995,60725709.0,11222357.2916699,471.487,456250.178579998,3460.977,1109095.00940998,4427.983,1350108.54922996,32672.006,3157508.49585999,2671.953,1157777.78890999,921.107,842640.095699989,82195.274,5179960.6036413,138376.944,10137861.0836259,4819.376,368287.208449996,9247.384,1099624.35327999,189546.391,6918131.57877284,1898.963,413214.498259998,9030.014,2699526.47365997,False,False,True
2022-12,154150.546,7599772.75357072,25159.873,3812908.84841067,5279.731,1610663.89616994,64387871.0,11859461.2967499,586.228,901305.299289995,3486.312,1064911.61602998,4829.385,1487913.31354995,32307.513,3197808.38652999,2659.508,1218130.48832998,947.837,893823.655739983,86503.976,5554103.51937146,148076.218,11029787.3730868,5074.515,391614.921399996,11115.78,1355367.14719998,200349.837,7301545.94492309,2027.826,414714.192829995,9368.812,2677492.29527996,False,False,True
2023-01,153013.387,7479954.09295081,22718.194,3216834.90646046,5381.946,1510854.94536996,62916449.0,11710334.42088,528.978,706987.868579996,3416.321,985380.159489982,4472.763,1260568.59760996,33266.697,3235984.491,2563.478,1217205.61256998,882.135,751833.253949987,85581.193,5359651.66510164,147697.224,10650489.9168936,5129.584,385394.840569995,9694.759,1217163.11460998,202323.694,7249776.47620324,2083.124,432658.57186,9614.367,2666195.26261997,False,False,True
2023-02,145273.834,6860193.97314064,21343.078,2920747.9218203,5098.515,1500612.26976996,58587841.0,11318985.46329,499.005,513848.364759998,3254.337,1015703.26881999,4298.514,1311127.66164997,30524.103,3034736.22152998,2409.062,1188820.55445999,928.359,887819.988289988,68635.876,4678361.61623094,137495.27,9939223.43438304,5349.553,402426.599639995,9355.776,1066188.02518999,187912.366,6666023.73621251,1961.903,364665.801439999,8820.728,2448637.15316997,False,False,True
2023-03,173599.332,9387070.18778078,30176.562,4698612.89298134,6167.675,1591439.71366994,71946933.0,13502843.86575,538.71,717254.635609997,4031.249,1175767.63109999,5826.792,1649991.62671994,32734.737,3310925.45143999,2861.787,1476600.03585998,1094.112,1015971.64773998,75586.091,5514830.39960142,162265.81,12499389.3875346,6736.828,501481.955619991,10482.454,1313678.68243998,195193.49,7161285.31277302,2351.02,443208.346359998,10573.024,2955165.70025994,False,True,True
2023-04,157238.236,7633764.89210039,39575.535,6025769.08848139,5071.832,1101547.45141997,73130911.0,12626220.04695,276.624,327634.67262,3752.008,861677.09602999,5260.175,1274820.89201996,31843.168,3143608.67314,2579.461,1404261.20733998,1578.605,1531960.98684998,73121.028,5313280.84715089,150935.44,11300975.4184236,5792.342,410465.611819997,9147.96,1264742.82961998,166970.026,6870567.26372205,2364.606,434314.746209996,9923.141,2673940.50844997,False,True,True
2023-05,180807.134,7827644.17297058,20553.459,2831962.40416029,5652.074,1489350.09041995,70769674.0,12706708.42978,593.008,715909.412709997,4345.25,1112900.33551998,4426.72,1173781.63648997,33789.432,3442461.53623,2870.352,1094288.29821999,936.566,943019.763489986,79738.029,5239348.74357105,164312.396,11258149.9307138,6298.366,461216.294019992,10167.166,1099072.93746999,224208.245,7619274.04296305,2574.503,414956.585949995,10884.591,3073150.16110995,False,False,True
2023-06,179699.442,7768561.23232043,29662.8,4113983.11687069,5611.55,1337391.65213996,74804285.0,13386388.59986,416.451,767840.392329998,4684.232,1179631.57220999,4922.987,1225154.93425997,30866.352,3178405.37208001,2509.763,852904.966539988,1253.899,1141064.22052998,82369.109,5511307.24553104,168728.315,11789636.9076034,6209.342,452161.978579996,10565.292,1329709.08431999,215299.05,7908464.07377275,2723.955,433430.405679996,10899.288,2863080.03942996,False,False,True
2023-07,180040.089,7577554.51474056,21822.852,2901318.00919027,5819.484,1443612.12720996,70966420.0,12899048.428,355.938,423962.941449998,4608.622,992263.360619986,4388.391,1157007.05018997,31382.865,3235846.32197002,3284.048,1137088.06775998,991.422,922320.438019991,82937.054,5505670.00255124,166464.058,11394095.9904335,6288.31,470274.748059994,8678.899,1135511.88089999,214864.06,7586549.86503316,2767.636,386286.972849993,11207.863,3080828.30266996,False,False,True
2023-08,188342.52,8168300.17231059,26488.228,3404214.95519046,6008.562,1457004.42082996,76290290.0,14378994.40214,817.515,2766759.58020002,5071.091,1029757.44314999,4763.564,1197723.49314996,32034.657,3319926.20607001,3417.783,1264746.27485998,920.817,854306.892939988,88655.11,5842938.98824168,178528.675,12187214.4977939,6697.588,499025.458519994,11528.727,1370962.23609998,223519.701,7634553.83680328,3227.019,431523.402319994,11707.184,3214428.48821995,False,False,True
2023-09,186871.322,8040070.86451066,23271.2,2838370.99549026,5809.946,1466060.70278995,77196038.0,13849693.09504,629.604,725936.684969995,5394.846,1093733.85478,4797.162,1403051.55930996,33772.494,3463024.84182001,2780.464,1059558.55785998,923.112,866063.277609989,88500.188,5647255.25638143,175207.761,11546145.771384,6685.289,495365.377919994,11983.317,1227799.50980999,219585.697,7307310.18980292,3483.001,397680.136699993,11042.092,2921067.73718995,False,False,True
2023-10,196418.61,8514267.73488048,21823.334,2845733.29994027,6384.501,1537691.25690995,78009102.0,13415929.20263,657.233,552420.720099998,4984.898,977549.483459991,4861.941,1202564.91709996,36814.268,3501583.12962999,2843.809,1207621.00754998,927.079,1029670.26348998,91062.196,5834322.74543159,175155.914,11088754.8426837,7491.791,530777.311399991,11026.779,1169485.28242999,234396.873,7495693.04853322,4033.975,453029.486289991,11531.276,3162735.74784995,False,False,True
2023-11,184049.631,8060425.54391066,25981.209,3594065.25534058,6504.434,1515235.72160997,78091923.0,13479240.2711499,573.454,740802.884259998,4700.451,985778.436859993,5088.477,1284091.93006996,32736.227,3188729.44432,3166.369,1375353.44892998,875.879,834576.310489991,93076.359,6071806.64390191,173802.287,11398832.1717348,7321.947,523812.731369993,10955.871,1351442.25005999,234746.682,7871791.3656733,3375.345,463122.01282999,11706.141,3111001.82351995,False,False,True
2023-12,192799.424,8431110.80638059,27497.617,3699367.60029061,6683.092,1617534.43482995,81033027.0,13634005.6422199,584.974,710965.910230001,4725.363,1020842.42086,5517.111,1468037.07184996,35257.238,3401099.55567003,3019.183,1409343.78203998,903.119,890466.876929989,96387.346,6384918.35784204,179069.385,11678191.994344,7505.143,534579.254779992,12716.234,1411033.52989998,240776.084,8003161.76426349,3470.939,452242.044419992,11627.015,3115907.70870995,False,False,True
